epsilon [MeV/fm^3],p [MeV/fm^3],n [1/fm^3],mu [MeV]
2.53033071410737e-11,1.06117353308365e-19,2.72e-14,930.2686487938
1.18942375031211e-10,3.63295880149813e-18,1.27e-13,936.55416271
6.45206279650437e-10,1.18601747815231e-16,6.93e-13,931.0337637117
5.85735092134832e-9,6.08239700374532e-15,6.295e-12,930.4776812939
1.471070317603e-8,3.10112359550562e-14,1.581e-11,930.4702205734
3.7e-8,1.51747815230961e-13,3.972e-11,930.4241024248
9.27974944818977e-8,7.18476903870162e-13,9.976e-11,930.2146447354
2.3317193897628e-7,3.28714107365793e-12,2.506e-10,930.4677817931
5.85735092134832e-7,1.44694132334582e-11,6.294e-10,930.6475397967
1.471070317603e-6,6.08926342072409e-11,1.581e-9,930.5067743436
3.69619040898877e-6,2.44132334581773e-10,4.e-9,930.622996305
4.65277884968789e-6,3.28277153558052e-10,5.e-9,930.6214253683
9.28535993757803e-6,8.95755305867666e-10,1.e-8,930.8596324062
0.0000185258359600499,2.39263420724095e-9,1.99e-8,931.0667635305
0.0000369843460474407,6.27965043695381e-9,3.973e-8,931.0502315096
0.0000737779354556804,1.62546816479401e-8,7.926e-8,931.0394920178
0.0001472753,4.16729088639201e-8,1.581e-7,931.7964538318
0.0001854267,5.45443196004994e-8,1.991e-7,931.5982852926
0.0002939335,1.01685393258427e-7,3.156e-7,931.6705464019
0.0004658389,1.89076154806492e-7,5.001e-7,931.8696461956
0.0005868572,2.57740324594257e-7,6.296e-7,932.5205373842
0.0009010446,4.28214731585518e-7,9.667e-7,932.5259237477
0.0014278695,7.94e-7,1.532e-6,932.5480135796
0.0023373299,1.47066167290886e-6,2.507e-6,932.9080737232
0.0037062893,2.72284644194757e-6,3.974e-6,933.3196115575
0.004505784,3.53433208489388e-6,4.83e-6,933.6062856729
0.0056722048,4.80774032459426e-6,6.081e-6,933.5656161586
0.0074002355,6.541822721598e-6,7.93e-6,934.0198393244
0.0093190229,8.89513108614232e-6,9.982e-6,934.4738534356
0.0117315333,0.0000120973782771536,0.00001257,934.2586069323
0.0142113696,0.0000156242197253433,0.00001522,934.7564940999
0.0185987723,0.0000212484394506866,0.00001991,935.2094807407
0.0234181827,0.0000288888888888889,0.00002507,935.2641242723
0.0260999966,0.000033501872659176,0.00002791,936.3489253625
0.0356097761,0.000049394506866417,0.00003807,936.6737760489
0.0473749724,0.0000703495630461922,0.00005063,937.0989918537
0.0617153833,0.0000974406991260924,0.00006592,937.6945383804
0.0789956906,0.0001316479,0.00008433,938.3059234773
0.0995300817,0.0001741573,0.0001062,938.8346426665
0.1238235008,0.0002262797,0.0001321,939.0596551812
0.152268682,0.0002893258,0.0001624,939.3966000012
0.1584963252,0.0003033084,0.000169,939.6428022664
0.164948388,0.0003179151,0.0001759,939.5469193923
0.1715687655,0.0003329588,0.000183,939.3536846701
0.1784135625,0.0003485643,0.0001902,939.8639686722
0.1854266743,0.0003647316,0.0001977,939.7643190069
0.1926642056,0.0003813358,0.0002054,939.8517109212
0.1950206111,0.000386829,0.0002079,939.9107267911
0.1953011356,0.0003875156,0.0002082,939.9070663352
0.1960866041,0.0003879526,0.0002091,939.6200702016
0.2026508767,0.0003968165,0.000216,940.0356165904
0.2092712542,0.0004037453,0.0002231,939.8251882592
0.2168454149,0.000410799,0.0002311,940.0961222747
0.2253172538,0.0004182272,0.0002401,940.1727657172
0.2345184564,0.0004259051,0.00025,939.7774461923
0.247983631,0.0004366417,0.0002643,939.9177928838
0.286583798,0.0004661673,0.0003053,940.2226178953
0.3316921326,0.0005003121,0.0003533,940.2559998417
0.3827475861,0.0005395755,0.0004076,940.3512306134
0.4395257387,0.0005847066,0.000468,940.4069343876
0.501746066,0.0006360799,0.0005341,940.6143903625
0.5694646729,0.0006947566,0.0006059,941.0124269074
0.7198257885,0.0008345818,0.0007661,940.6870777798
1.1860574567,0.0013451935,0.001262,940.8895801801
1.7824524787,0.002139201,0.001895,941.7370341163
2.5151823928,0.0032883895,0.002673,942.1888448456
3.3949071288,0.0048676654,0.003606,942.8105363997
4.4356529104,0.0069600499,0.00471,943.2299278768
7.0636061398,0.0130399501,0.007496,944.056308683
10.5589410287,0.022372035,0.0112,944.7600949706
15.1034374332,0.0359612984,0.016,946.2124207241
20.8541890562,0.0550062422,0.02207,947.4035024185
27.8729112809,0.0808364544,0.02948,948.2275351198
40.4067445743,0.1349563046,0.04268,949.8992708271
48.42691974632506,0.1804085142504743,0.051240297467274674,948.6112015683119
49.603637247485494,0.189928,0.05248075,948.796754
51.95079916569169,0.2102014,0.05495409,949.17413
54.40958557470831,0.2328736,0.05754399,949.57717
56.985391840176796,0.2582269,0.06025596,950.00758
59.683845586970605,0.2865775,0.06309573,950.46722
62.5108920953474,0.3182826,0.06606934,950.95811
65.472761153919,0.3537471,0.0691831,951.48249
68.57597988156799,0.3934337,0.0724436,952.04288
71.8274264563168,0.4378754,0.07585776,952.64218
75.234321751034,0.4876908,0.07943282,953.2837
78.80427828494919,0.5436044,0.08317638,953.97134
82.54526745572839,0.6064714,0.08709636,954.70969
86.465705984536,0.677309,0.09120108,955.5042
90.5744675275862,0.7573356,0.09549926,956.36137
94.88087750000001,0.8480185,0.1,957.28896
99.39484325523799,0.951133,0.1047129,958.29622
104.12662826628201,1.068834,0.1096478,959.39419
109.08747642286201,1.203741,0.1148154,960.59603
114.288754754824,1.356167,0.1202264,961.89291
119.74290589099999,1.529994,0.1258925,963.3052
125.462967613515,1.730898,0.1318257,964.86395
131.462706410944,1.964819,0.1380384,966.59716
137.75723396672,2.238744,0.144544,968.53538
144.36314482869201,2.670788,0.1513561,971.44372
151.31051669019197,3.469094,0.1584893,976.59344
158.62812035324097,4.497736,0.1659587,982.93043
166.345624671227,5.81941,0.1737801,990.70627
174.497475824825,7.513249,0.1819701,1000.22325
183.12395647052801,9.679063,0.1905461,1011.84448
185.22288963341234,10.313125598066197,0.19260640874664972,1015.2103279925209
453.7960800556563,10.313125598066197,0.4571557172506835,1015.210327992521
466.141759068002,20.313125598066197,0.46918837334177876,1036.8008081728651
478.48743808034766,30.313125598066197,0.48097609612571485,1057.8500008146484
490.8331170926933,40.31312559806619,0.4925343146286938,1078.3943918530308
503.17879610503905,50.31312559806619,0.5038768826997574,1098.4665911591578
515.5244751173847,60.31312559806619,0.5150162965027995,1118.0958828403225
527.8701541297304,70.3131255980662,0.5259638747524897,1137.308679249677
540.215833142076,80.3131255980662,0.5367299092223962,1156.1288984978544
552.5615121544217,90.3131255980662,0.5473237913172264,1174.5782806285515
564.9071911667675,100.3131255980662,0.5577541192114246,1192.6766541954887
577.2528701791131,110.3131255980662,0.5680287890873692,1210.442162415511
589.5985491914588,120.3131255980662,0.5781550732705691,1227.8914561341148
601.9442282038044,130.3131255980662,0.5881396874949095,1245.0398593585958
614.2899072161501,140.3131255980662,0.5979888490941884,1261.9015119717724
626.6355862284959,150.3131255980662,0.607708327575176,1278.4894933506573
638.9812652408415,160.3131255980662,0.6173034887590672,1294.8159299175309
651.3269442531872,170.3131255980662,0.6267793334654219,1310.892089100097
663.6726232655328,180.3131255980662,0.6361405315427757,1326.728461739035
676.0183022778785,190.3131255980662,0.6453914519135403,1342.334834629949
688.3639812902243,200.3131255980662,0.6545361891903391,1357.7203546034386
700.7096603025699,210.3131255980662,0.6635785873310499,1372.8935853171824
713.0553393149155,220.3131255980662,0.6725222607262843,1387.862557746414
725.4010183272612,230.3131255980662,0.6813706130525434,1402.6348152053752
737.746697339607,240.3131255980662,0.690126854174293,1417.2174536055109
750.0923763519527,250.3131255980662,0.6987940153366603,1431.6171575511423
762.4380553642983,260.3131255980662,0.7073749628558076,1445.8402327859087
774.7837343766439,270.3131255980662,0.7158724104849926,1459.8926354302062
787.1294133889896,280.3131255980662,0.7242889306098947,1473.7799983884954
799.4750924013354,290.3131255980662,0.7326269644061413,1487.5076552536816
811.820771413681,300.3131255980662,0.7408888310744712,1501.080661992001
824.1664504260266,310.3131255980662,0.7490767362540742,1514.5038166547683
836.5121294383723,320.3131255980662,0.7571927797019308,1527.781677331661
848.857808450718,330.3131255980662,0.7652389623150798,1540.9185785332136
861.2034874630638,340.3131255980662,0.773217192563383,1553.9186461669865
873.5491664754094,350.3131255980662,0.7811292923922761,1566.7858112519266
885.894845487755,360.3131255980662,0.7889770026480286,1579.5238224982438
898.2405245001007,370.3131255980662,0.7967619880719753,1592.136257865219
910.5862035124464,380.3131255980662,0.804485841904932,1604.6265351964532
922.9318825247922,390.3131255980662,0.8121500901384213,1616.9979220208318
935.2775615371378,400.3131255980662,0.8197561954453295,1629.2535445976707
947.6232405494834,410.3131255980662,0.8273055608191111,1641.396396275958
959.9689195618291,420.3131255980662,0.834799532947577,1653.4293452300878
972.3145985741749,430.3131255980662,0.8422394053445953,1665.3551416278933
984.6602775865206,440.3131255980662,0.8496264212606426,1677.1764242809998
997.0059565988661,450.3131255980662,0.8569617763910391,1688.895726822369
1009.3516356112118,460.3131255980662,0.864246621398824,1700.5154834514203
1021.6973146235575,470.3131255980662,0.871482064267578,1712.0380342830788
1034.0429936359033,480.3131255980662,0.8786691724980223,1723.4656303335576
1046.388672648249,490.3131255980662,0.885808975160914,1734.8004381725323
1058.7343516605945,500.3131255980662,0.8929024648175835,1746.0445442685257
1071.0800306729402,510.3131255980662,0.8999505993184217,1757.1999590518365
1083.425709685286,520.3131255980662,0.906954303488678,1768.2686207170882
1095.7713886976317,530.3131255980662,0.9139144707101029,1779.2523987854634
1108.1170677099772,540.3131255980662,0.9208319644062063,1790.1530974449013
1120.462746722323,550.3131255980662,0.9277076194382299,1800.972458684905
1132.8084257346686,560.3131255980662,0.9345422434183193,1811.7121652411604
1145.1541047470143,570.3131255980662,0.9413366179458337,1822.3738433638537
1157.49978375936,580.3131255980662,0.9480914997722321,1832.959065422394
1169.8454627717056,590.3131255980662,0.9548076218995215,1843.469352358187
1182.1911417840513,600.3131255980662,0.9614856946168583,1853.9061759961248
1194.536820796397,610.3131255980662,0.9681264064795031,1864.2709612246024
1206.8824998087428,620.3131255980662,0.9747304252340185,1874.5650880530645
1219.2281788210885,630.3131255980662,0.9812983986932727,1884.789893555376
1231.573857833434,640.3131255980662,0.9878309555645503,1894.9466737066439
1243.9195368457797,650.3131255980662,0.994328706233808,1905.0366851205374
1256.2652158581254,660.3131255980662,1.000792243508888,1915.0611466936
1268.6108948704712,670.3131255980662,1.007222143324291,1925.021241162557
1280.9565738828167,680.3131255980662,1.0136189654099095,1934.9181165801704
1293.3022528951624,690.3131255980662,1.0199832539259648,1944.7528877147708
1305.647931907508,700.3131255980662,1.0263155380662021,1954.5266373782413
1317.9936109198538,710.3131255980662,1.032616332631279,1964.2404176868436
1330.3392899321996,720.3131255980662,1.0388861385741215,1973.8952512590079
1342.684968944545,730.3131255980662,1.0451254435189148,1983.4921323538651
1355.0306479568908,740.3131255980662,1.051334722255268,1993.0320279540806
1367.3763269692365,750.3131255980662,1.0575144372089977,2002.5158787962548
1379.7220059815822,760.3131255980662,1.0636650388908642,2011.9446003519756
1392.067684993928,770.3131255980662,1.0697869663245179,2021.3190837623647
1404.4133640062735,780.3131255980662,1.0758806474548224,2030.6401967287727
1416.7590430186192,790.3131255980662,1.0819464995376402,2039.9087843621262
1429.104722030965,800.3131255980662,1.0879849295121085,2049.1256699932255
1441.4504010433106,810.3131255980662,1.0939963343563541,2058.291655946167
1453.7960800556564,820.3131255980662,1.0999811014275427,2067.4075242769263
1466.1417590680019,830.3131255980662,1.105939608787099,2076.4740374789776
1478.4874380803476,840.3131255980662,1.1118722255118818,2085.4919391577464
1490.8331170926933,850.3131255980662,1.1177793119920512,2094.461954675547
1503.178796105039,860.3131255980662,1.123661220216314,2103.3847917685666
1515.5244751173848,870.3131255980662,1.1295182940452053,2112.2611411373614
1527.8701541297303,880.3131255980662,1.1353508694730026,2121.091677012241
1540.215833142076,890.3131255980662,1.1411592748788584,2129.8770576948245
1552.5615121544217,900.3131255980662,1.146943831267681,2138.6179260769927
1564.9071911667675,910.3131255980662,1.1527048525012775,2147.314910138361
1577.2528701791132,920.3131255980662,1.1584426455202317,2155.968623423369
1589.5985491914587,930.3131255980662,1.1641575105569728,2164.5796654989695
1601.9442282038044,940.3131255980662,1.169849741340455,2173.1486223939005
1614.2899072161501,950.3131255980662,1.175519625292852,2181.676067020411
1626.6355862284959,960.3131255980662,1.1811674437186437,2190.162559579299
1638.9812652408416,970.3131255980662,1.186793471986452,2198.6086479490637
1651.326944253187,980.3131255980662,1.1923979797039637,2207.014868059916
1663.6726232655328,990.3131255980662,1.1979812308862603,2215.381744253367
1676.0183022778785,1000.3131255980662,1.203543484117855,2223.709789628066
1688.3639812902243,1010.3131255980662,1.2090849927087244,2231.9995063725164
1700.7096603025698,1020.3131255980662,1.2146060048446046,2240.251386085285
1713.0553393149155,1030.313125598066,1.2201067637318057,2248.465910083265
1725.4010183272612,1040.313125598066,1.2255875077367933,2256.6435496985264
1737.746697339607,1050.313125598066,1.2310484705207585,2264.7847665642826
1750.0923763519527,1060.313125598066,1.2364898811694034,2272.890012890436
1762.4380553642982,1070.313125598066,1.241911964318142,2280.959731729177
1774.783734376644,1080.313125598066,1.2473149402729191,2288.9943572310613
1787.1294133889896,1090.313125598066,1.2526990251268273,2296.9943148919865
1799.4750924013354,1100.313125598066,1.2580644308727067,2304.960021791449
1811.820771413681,1110.313125598066,1.2634113655118893,2312.89188682247
1824.1664504260266,1120.313125598066,1.2687400331592515,2320.7903109135227
1836.5121294383723,1130.313125598066,1.2740506341447289,2328.655687242816
1848.857808450718,1140.313125598066,1.279343365111433,2336.488401445238
1861.2034874630638,1150.313125598066,1.2846184191105139,2344.2888318122837
1873.5491664754095,1160.313125598066,1.289875985692895,2352.0573494852274
1885.894845487755,1170.313125598066,1.2951162509980088,2359.7943186418406
1898.2405245001007,1180.313125598066,1.3003393978396534,2367.5000966769044
1910.5862035124464,1190.313125598066,1.3055456057890773,2375.17503437677
1922.9318825247922,1200.313125598066,1.310735051255411,2382.8194760881997
1935.2775615371377,1210.313125598066,1.3159079075635383,2390.433759881726
1947.6232405494834,1220.313125598066,1.3210643450295148,2398.0182177097304
1959.9689195618291,1230.313125598066,1.3262045310336217,2405.573175559461
1972.3145985741749,1240.313125598066,1.3313286300911487,2413.0989536011784
1984.6602775865206,1250.313125598066,1.33643680392099,2420.5958663316173
1997.005956598866,1260.313125598066,1.341529211512136,2428.0642227129506
2009.3516356112118,1270.313125598066,1.3466060091881402,2435.504326307415
2021.6973146235575,1280.313125598066,1.3516673506696337,2442.916475407773
2034.0429936359033,1290.313125598066,1.3567133871349628,2450.300963163762
2046.388672648249,1300.313125598066,1.361744267279016,2457.65807770468
2058.7343516605943,1310.313125598066,1.3667601373703058,2464.988102258254
2071.08003067294,1320.313125598066,1.37176114130637,2472.291315265921
2083.4257096852857,1330.313125598066,1.3767474206675514,2479.5679904946637
2095.7713886976317,1340.313125598066,1.3817191147692147,2486.8183971455146
2108.117067709977,1350.313125598066,1.3866763607124537,2494.042799958855
2120.4627467223227,1360.313125598066,1.3916192934333458,2501.2414593166227
2132.8084257346686,1370.313125598066,1.3965480457508,2508.4146313415354
2145.154104747014,1380.313125598066,1.4014627484130502,2515.5625679934424
2157.49978375936,1390.313125598066,1.4063635301428405,2522.685517162895
2169.8454627717056,1400.313125598066,1.4112505176813448,2529.783722762042
2182.191141784051,1410.313125598066,1.4161238358308668,2536.857424812941
2194.536820796397,1420.313125598066,1.4209836074963602,2543.906859533369
2206.8824998087425,1430.313125598066,1.4258299537258077,2550.9322594202245
2219.2281788210885,1440.313125598066,1.4306629937495008,2557.9338533306013
2231.573857833434,1450.313125598066,1.4354828450182504,2564.9118665606134
2243.9195368457795,1460.313125598066,1.440289623240572,2571.86652092204
2256.2652158581254,1470.313125598066,1.4450834424188705,2578.798034816877
2268.610894870471,1480.313125598066,1.4498644148846638,2585.7066233098512
2280.9565738828164,1490.313125598066,1.4546326513328725,2592.5924981989697
2293.3022528951624,1500.313125598066,1.4593882608552078,2599.455868084175
2305.647931907508,1510.313125598066,1.4641313509726859,2606.2969384341545
2317.993610919854,1520.313125598066,1.4688620276672968,2613.115911651378
2330.3392899321993,1530.313125598066,1.4735803954128526,2619.9129871354103
2342.684968944545,1540.313125598066,1.4782865572050454,2626.6883613445593
2355.030647956891,1550.313125598066,1.4829806145907354,2633.4422278559127
2367.3763269692363,1560.313125598066,1.4876626676964924,2640.174777423813
2379.7220059815822,1570.313125598066,1.4923328152564215,2646.8861980368165
2392.0676849939277,1580.313125598066,1.4969911546392842,2653.576674973194
2404.4133640062732,1590.313125598066,1.5016377818749442,2660.2463908550076
2416.759043018619,1600.313125598066,1.5062727916801568,2666.8955257008142
2429.1047220309647,1610.313125598066,1.5108962774837185,2673.524256977038
2441.4504010433106,1620.313125598066,1.5155083314510014,2680.1327596480455
2453.796080055656,1630.313125598066,1.5201090445078862,2686.721206224975
2466.1417590680016,1640.313125598066,1.5246985063641152,2693.2897668133473
2478.4874380803476,1650.313125598066,1.5292768055360777,2699.8386091595044
2490.833117092693,1660.313125598066,1.5338440293690507,2706.367898695893
2503.1787961050386,1670.313125598066,1.5384002640589067,2712.877798585257
2515.5244751173846,1680.313125598066,1.542945594673305,2719.368469763741
2527.87015412973,1690.313125598066,1.5474801051723823,2725.8400709829543
2540.215833142076,1700.313125598066,1.5520038784289547,2732.2927588510265
2552.5615121544215,1710.313125598066,1.556516996248248,2738.726687872674
2564.907191166767,1720.313125598066,1.56101953938717,2745.142010488311
2577.252870179113,1730.313125598066,1.5655115875731336,2751.5388771122393
2589.5985491914585,1740.313125598066,1.5699932195224475,2757.917436169931
2601.944228203804,1750.313125598066,1.5744645129582853,2764.277834134443
2614.28990721615,1760.313125598066,1.5789255446282449,2770.6202155619744
2626.6355862284954,1770.313125598066,1.583376390321508,2776.944723126604
2638.9812652408414,1780.313125598066,1.5878171248856139,2783.2514976542234
2651.326944253187,1790.313125598066,1.5922478222428567,2789.5406781556867
2663.6726232655324,1800.313125598066,1.5966685554063145,2795.812401859207
2676.0183022778783,1810.313125598066,1.6010793964955223,2802.066804242016
2688.363981290224,1820.313125598066,1.6054804167517989,2808.3040190613015
2700.70966030257,1830.313125598066,1.6098716865532363,2814.52417838445
2713.0553393149153,1840.313125598066,1.6142532754293613,2820.7274126186117
2725.4010183272608,1850.313125598066,1.6186252520754745,2826.91385053961
2737.7466973396067,1860.313125598066,1.6229876843666824,2833.0836193202013
2750.092376351952,1870.313125598066,1.6273406393716217,2839.236844557716
2762.438055364298,1880.313125598066,1.6316841833658948,2845.3736503010873
2774.7837343766437,1890.313125598066,1.6360183818452123,2851.4941590772946
2787.129413388989,1900.313125598066,1.6403432995382587,2857.5984919172265
2799.475092401335,1910.313125598066,1.6446590004192851,2863.6867683809837
2811.8207714136806,1920.313125598066,1.648965547720436,2869.759106582637
2824.1664504260266,1930.313125598066,1.653263003943818,2875.8156232144547
2836.512129438372,1940.313125598066,1.6575514308733177,2881.8564335706083
2848.8578084507176,1950.313125598066,1.6618308895861702,2887.88165157038
2861.2034874630635,1960.313125598066,1.6661014404642933,2893.891389780874
2873.549166475409,1970.313125598066,1.6703631432053831,2899.88575943925
2885.894845487755,1980.313125598066,1.674616056833787,2905.864870474495
2898.2405245001005,1990.313125598066,1.6788602397111512,2911.8288315287314
2910.586203512446,2000.313125598066,1.683095749546855,2917.777749978092
2922.931882524792,2010.313125598066,1.6873226434082318,2923.7117319531553
2935.2775615371374,2020.313125598066,1.6915409777305834,2929.6308823589698
2947.623240549483,2030.313125598066,1.6957508083269988,2935.535304894652
2959.968919561829,2040.313125598066,1.6999521903979713,2941.425102072601
2972.3145985741744,2050.313125598066,1.7041451785408284,2947.3003752373124
2984.6602775865204,2060.313125598066,1.708329826758974,2953.161224583814
2997.005956598866,2070.313125598066,1.712506188470947,2959.007749175734
3009.3516356112113,2080.313125598066,1.7166743165193072,2964.840046962999
3021.6973146235573,2090.313125598066,1.7208342631793425,2970.658214799189
3034.042993635903,2100.313125598066,1.7249860801676102,2976.462348458536
3046.3886726482488,2110.313125598066,1.7291298186503123,2982.252542652595
3058.7343516605943,2120.313125598066,1.7332655292515093,2988.0288910465856
3071.0800306729398,2130.313125598066,1.737393262061176,2993.791486275407
3083.4257096852857,2140.313125598066,1.7415130666431062,2999.5404199593463
3095.771388697631,2150.313125598066,1.7456249920426632,3005.275782719478
3108.117067709977,2160.313125598066,1.749729086794387,3010.997664192767
3120.4627467223227,2170.313125598066,1.7538253989294557,3016.7061530468804
3132.808425734668,2180.313125598066,1.7579139759830085,3022.4013369947115
3145.154104747014,2190.313125598066,1.7619948650013313,3028.083302808632
3157.4997837593596,2200.313125598066,1.7660681125489084,3033.7521363344645
3169.8454627717056,2210.313125598066,1.7701337647153441,3039.407922505199
3182.191141784051,2220.313125598066,1.7741918671221548,3045.0507453544483
3194.5368207963966,2230.313125598066,1.7782424649294395,3050.680688029638
3206.8824998087425,2240.313125598066,1.7822856028424248,3056.2978328049735
3219.228178821088,2250.313125598066,1.7863213251178927,3061.902261094139
3231.573857833434,2260.313125598066,1.7903496755704917,3067.4940534627794
3243.9195368457795,2270.313125598066,1.794370697578931,3073.0732896407458
3256.265215858125,2280.313125598066,1.798384434092069,3078.640048534108
3268.610894870471,2290.313125598066,1.802390927634885,3084.1944082369587
3280.9565738828164,2300.313125598066,1.8063902203143518,3089.736446042992
3293.3022528951624,2310.313125598066,1.8103823538251977,3095.266238456878
3305.647931907508,2320.313125598066,1.8143673694555698,3100.7838612054265
3317.9936109198534,2330.313125598066,1.8183453080925962,3106.2893892485513
3330.3392899321993,2340.313125598066,1.822316210227852,3111.7828967900355
3342.684968944545,2350.313125598066,1.8262801159627267,3117.264457288107
3355.0306479568903,2360.313125598066,1.8302370650136994,3122.7341434658224
3367.3763269692363,2370.313125598066,1.8341870967175251,3128.1920273212663
3379.722005981582,2380.313125598066,1.8381302500363244,3133.638180137572
3392.0676849939277,2390.313125598066,1.842066563562594,3139.072672492764
3404.4133640062732,2400.313125598066,1.845996075524124,3144.495574269428
3416.7590430186187,2410.313125598066,1.8499188237888358,3149.9069546642077
3429.1047220309647,2420.313125598066,1.8538348458695342,3155.3068821971483
3441.45040104331,2430.313125598066,1.8577441789285811,3160.6954247208596
3453.796080055656,2440.313125598066,1.8616468597824898,3166.072649429535
3466.1417590680016,2450.313125598066,1.8655429249064404,3171.43862286781
3478.487438080347,2460.313125598066,1.8694324104387212,3176.793410939466
3490.833117092693,2470.313125598066,1.8733153521850963,3182.137078915989
3503.1787961050386,2480.313125598066,1.8771917856230962,3187.4696914449814
3515.5244751173846,2490.313125598066,1.881061745906243,3192.7913125584328
3527.87015412973,2500.313125598066,1.8849252678682036,3198.10200568084
3540.2158331420756,2510.313125598066,1.8887823860268709,3203.4018336372096
3552.5615121544215,2520.313125598066,1.8926331345883831,3208.6908586609093
3564.907191166767,2530.313125598066,1.8964775474510749,3213.969142401396
3577.252870179113,2540.313125598066,1.9003156582093645,3219.236745931809
3589.5985491914585,2550.313125598066,1.904147500157579,3224.4937297564456
3601.944228203804,2560.313125598066,1.9079731062937126,3229.7401538181084
3614.28990721615,2570.313125598066,1.911792509323134,3234.976077505326
3626.6355862284954,2580.313125598066,1.9156057416622232,3240.2015596594647
3638.9812652408414,2590.313125598066,1.9194128354419584,3245.4166585817215
3651.326944253187,2600.313125598066,1.923213822511442,3250.6214320399936
3663.6726232655324,2610.313125598066,1.9270087344413718,3255.81593727565
3676.0183022778783,2620.313125598066,1.9307976025274554,3261.000231010186
3688.363981290224,2630.313125598066,1.9345804577937729,3266.174369451769
3700.70966030257,2640.313125598066,1.9383573309960864,3271.338408301683
3713.0553393149153,2650.313125598066,1.942128252625098,3276.4924027606658
3725.4010183272608,2660.313125598066,1.9458932529096533,3281.636407535152
3737.7466973396067,2670.313125598066,1.9496523618199006,3286.7704768434082
3750.092376351952,2680.313125598066,1.953405609070398,3291.8946644215744
3762.4380553642977,2690.313125598066,1.957153024123172,3297.0090235296107
3774.7837343766437,2700.313125598066,1.9608946361907318,3302.113606957152
3787.129413388989,2710.313125598066,1.9646304742390335,3307.208467029267
3799.475092401335,2720.313125598066,1.9683605669904038,3312.2936556121253
3811.8207714136806,2730.313125598066,1.9720849429264142,3317.3692241185868
3824.166450426026,2740.313125598066,1.975803630290714,3322.435223513692
3836.512129438372,2750.313125598066,1.9795166570918221,3327.491704320071
3848.8578084507176,2760.313125598066,1.9832240511058732,3332.538716623277
3861.2034874630635,2770.313125598066,1.9869258398793261,3337.5763100770228
3873.549166475409,2780.313125598066,1.990622050731627,3342.6045339083507
3885.8948454877545,2790.313125598066,1.9943127107578398,3347.623436922717
3898.2405245001005,2800.313125598066,1.9979978468312294,3352.633067509003
3910.586203512446,2810.313125598066,2.001677485605813,3357.633473644439
3922.931882524792,2820.313125598066,2.0053516535188716,3362.624702899471
3935.2775615371374,2830.313125598066,2.0090203767934223,3367.60680244254
3947.623240549483,2840.313125598066,2.0126836814406572,3372.5798190447977
3959.968919561829,2850.313125598066,2.0163415932623465,3377.5437990847454
3972.3145985741744,2860.313125598066,2.019994137853206,3382.498788552807
3984.6602775865204,2870.313125598066,2.0236413406032265,3387.444833055837
3997.005956598866,2880.313125598066,2.0272832266999767,3392.3819778215557
4009.3516356112113,2890.313125598066,2.0309198211308686,3397.3102677029196
4021.6973146235573,2900.313125598066,2.0345511486853876,3402.2297471824377
4034.042993635903,2910.313125598066,2.0381772339572977,3407.140460376402
4046.3886726482488,2920.313125598066,2.0417981013468087,3412.042451039085
4058.7343516605943,2930.313125598066,2.0454137750627153,3416.935762566851
4071.0800306729398,2940.313125598066,2.049024279124506,3421.820438002223
4083.4257096852857,2950.313125598066,2.0526296373644417,3426.696520037882
4095.771388697631,2960.313125598066,2.0562298734296047,3431.564051020613
4108.117067709977,2970.313125598066,2.059825010783918,3436.4230729551964
4120.462746722323,2980.313125598066,2.0634150727101392,3441.2736275082348
4132.808425734668,2990.313125598066,2.0670000823118233,3446.115756011932
4145.154104747015,3000.313125598066,2.0705800625152593,3450.94949946782
4157.49978375936,3010.313125598066,2.074155036071381,3455.774898550423
4169.845462771706,3020.313125598066,2.07772502555765,3460.5919936108835
4182.191141784051,3030.313125598066,2.081290053379912,3465.400824680523
4194.536820796397,3040.313125598066,2.0848501417742304,3470.201431474363
4206.882499808743,3050.313125598066,2.0884053128086917,3474.9938533945897
4219.2281788210885,3060.313125598066,2.0919555883851872,3479.7781295339755
4231.573857833434,3070.313125598066,2.0955009902411708,3484.5542986792516
4243.9195368457795,3080.313125598066,2.099041539951395,3489.3223993144247
4256.265215858125,3090.313125598066,2.1025772589296157,3494.082469624066
4268.610894870471,3100.313125598066,2.1061081684302856,3498.8345474965363
4280.956573882817,3110.313125598066,2.1096342895502143,3503.5786705271757
4293.302252895162,3120.313125598066,2.1131556432302103,3508.3148760214526
4305.647931907508,3130.313125598066,2.1166722502567037,3513.043200998058
4317.993610919853,3140.313125598066,2.1201841312633425,3517.7636821919705
4330.3392899322,3150.313125598066,2.12369130673257,3522.476356057468
4342.684968944545,3160.313125598066,2.1271937969971804,3527.1812587711097
4355.030647956891,3170.313125598066,2.1306916222418546,3531.87842623467
4367.376326969236,3180.313125598066,2.1341848025046777,3536.567894078029
4379.722005981582,3190.313125598066,2.13767335767863,3541.2496976620405
4392.067684993928,3200.313125598066,2.1411573075130668,3545.923872081342
4404.413364006274,3210.313125598066,2.1446366716151712,3550.5904521671396
4416.759043018619,3220.313125598066,2.1481114694513934,3555.2494724899534
4429.104722030965,3230.313125598066,2.1515817203488714,3559.9009673623195
4441.45040104331,3240.313125598066,2.1550474434968265,3564.5449708414685
4453.796080055657,3250.313125598066,2.1585086579479493,3569.181516731957
4466.141759068002,3260.313125598066,2.1619653826197625,3573.8106385882706
4478.487438080348,3270.313125598066,2.1654176362959676,3578.4323697173922
4490.833117092693,3280.313125598066,2.1688654376277765,3583.046743181332
4503.178796105039,3290.313125598066,2.1723088051352217,3587.6537917996316
4515.524475117384,3300.313125598066,2.175747757208452,3592.2535481518316
4527.8701541297305,3310.313125598066,2.179182312109014,3596.8460445799037
4540.215833142076,3320.313125598066,2.1826124879711144,3601.4313131906592
4552.5615121544215,3330.313125598066,2.1860383028028654,3606.00938585812
4564.907191166768,3340.313125598066,2.189459774487519,3610.5802942258615
4577.252870179113,3350.313125598066,2.1928769207846806,3615.1440697093235
4589.598549191459,3360.313125598066,2.1962897593315134,3619.7007434980924
4601.944228203804,3370.313125598066,2.199698307643919,3624.25034655816
4614.28990721615,3380.313125598066,2.203102583117712,3628.7929096341422
4626.635586228496,3390.313125598066,2.2065026030297767,3633.328463251477
4638.981265240842,3400.313125598066,2.2098983845392057,3637.857037718597
4651.326944253187,3410.313125598066,2.213289944688433,3642.3786631290636
4663.672623265533,3420.313125598066,2.2166773004043434,3646.8933693636873
4676.018302277878,3430.313125598066,2.2200604684993768,3651.401186092612
4688.363981290224,3440.313125598066,2.223439465672612,3655.902142777378
4700.70966030257,3450.313125598066,2.2268143085108427,3660.3962686729556
4713.055339314916,3460.313125598066,2.230185013489636,3664.883592829759
4725.401018327261,3470.313125598066,2.233551596974383,3669.364144095627
4737.746697339607,3480.313125598066,2.2369140752213306,3673.8379511177877
4750.092376351952,3490.313125598066,2.2402724643786054,3678.3050423447926
4762.438055364299,3500.313125598066,2.243626780487225,3682.76544602843
4774.783734376644,3510.313125598066,2.2469770394820943,3687.219190225612
4787.12941338899,3520.313125598066,2.2503232571929916,3691.6663028002445
4799.475092401335,3530.313125598066,2.2536654493455455,3696.1068114250656
4811.820771413681,3540.313125598066,2.257003631562194,3700.540743583467
4824.166450426027,3550.313125598066,2.2603378193631376,3704.9681265712957
4836.5121294383725,3560.313125598066,2.2636680281672783,3709.388987498629
4848.857808450718,3570.313125598066,2.2669942732931507,3713.8033532915233
4861.2034874630635,3580.313125598066,2.270316569959836,3718.2112506937597
4873.549166475409,3590.313125598066,2.2736349332878736,3722.612706268545
4885.894845487755,3600.313125598066,2.276949378300152,3727.007746400215
4898.240524500101,3610.313125598066,2.2802599199228024,3731.396397295893
4910.586203512446,3620.313125598066,2.2835665729860657,3735.778684987157
4922.931882524792,3630.313125598066,2.286869352225163,3740.154635331661
4935.277561537137,3640.313125598066,2.290168272281151,3744.5242740147555
4947.623240549484,3650.313125598066,2.2934633477017656,3748.8876265510735
4959.968919561829,3660.313125598066,2.2967545929422584,3753.2447182861106
4972.314598574175,3670.313125598066,2.3000420223662212,3757.595574397784
4984.66027758652,3680.313125598066,2.303325650246406,3761.9402198979647
4997.005956598866,3690.313125598066,2.306605490765529,3766.278679634001
5009.351635611212,3700.313125598066,2.30988155801707,3770.610978290218
5021.697314623558,3710.313125598066,2.3131538660060604,3774.9371403894093
5034.042993635903,3720.313125598066,2.3164224286498643,3779.2571902942937
5046.388672648249,3730.313125598066,2.319687259778948,3783.5711522089746
5058.734351660594,3740.313125598066,2.3229483731376437,3787.879050180373
5071.080030672941,3750.313125598066,2.3262057823849034,3792.1809080996354
5083.425709685286,3760.313125598066,2.3294595010950405,3796.4767497035496
5095.771388697632,3770.313125598066,2.3327095427584723,3800.7665985759154
5108.117067709977,3780.313125598066,2.3359559207824447,3805.0504781489203
5120.462746722323,3790.313125598066,2.339198648491754,3809.328411704492
5132.808425734669,3800.313125598066,2.342437739129459,3813.6004223756368
5145.154104747015,3810.313125598066,2.345673205857584,3817.8665331477578
5157.49978375936,3820.313125598066,2.3489050617578187,3822.1267668599685
5169.845462771706,3830.313125598066,2.352133319832205,3826.3811462063804
5182.191141784051,3840.313125598066,2.355357993003819,3830.6296937373836
5194.5368207963975,3850.313125598066,2.3585790941174443,3834.8724318609097
5206.882499808743,3860.313125598066,2.3617966359402387,3839.10938284368
5219.2281788210885,3870.313125598066,2.365010631162394,3843.340568812445
5231.573857833434,3880.313125598066,2.368221092397787,3847.5660117552025
5243.9195368457795,3890.313125598066,2.371428032184625,3851.785733522404